<?xml version="1.0" encoding="UTF-8" standalone="yes"?>
<addon id="plugin.video.skytg24" name="Sky Tg24" version="1.0.3" provider-name="NeverWise">
  <requires>
    <import addon="xbmc.python" version="2.14.0"/>
    <import addon="script.module.neverwise" version="1.0.8"/>
  </requires>
  <extension point="xbmc.python.pluginsource" library="default.py">
    <provides>video</provides>
  </extension>
  <extension point="xbmc.addon.metadata">
    <platform>all</platform>
    <summary lang="it">Sky Tg24</summary>
    <summary lang="en">Sky Tg24</summary>
    <description lang="it">Canale televisivo italiano all-news prodotto da Sky Italia.</description>
    <description lang="en">Italian all-news channel, owned by Sky Italia.</description>
    <disclaimer lang="it">Alcune parti di questo addon potrebbero non essere legali nel tuo paese di residenza. Si prega di verificare la legislazione in vigore prima di installare.</disclaimer>
    <disclaimer lang="en">Some parts of this addon may not be legal in your country of residence. Please check with your local laws before installing.</disclaimer>
    <language>it</language>
    <license>GNU GENERAL PUBLIC LICENSE. Version 3, 29 June 2007</license>
    <forum></forum>
    <website></website>
    <email></email>
    <source>https://github.com/NeverWise/plugin.video.skytg24</source>
  </extension>
</addon>
