<?xml version="1.0" encoding="UTF-8" standalone="yes"?>
<addon id="plugin.video.lacosa" name="La Cosa" version="1.0.10" provider-name="NeverWise">
  <requires>
    <import addon="xbmc.python" version="2.14.0"/>
    <import addon="script.module.neverwise" version="1.0.8"/>
  </requires>
  <extension point="xbmc.python.pluginsource" library="default.py">
    <provides>video</provides>
  </extension>
  <extension point="xbmc.addon.metadata">
    <platform>all</platform>
    <summary lang="it">La Cosa</summary>
    <summary lang="en">La Cosa</summary>
    <description lang="it">Canale nato come risposta critica ai talk show delle televisioni generaliste, promuovendo una strategia di comunicazione che sfrutta le possibilità offerte da internet per diffondere i principi della politica attiva del Movimento 5 stelle.</description>
    <description lang="en">Channel created as a response to criticism of the general television talk show, promoting a communications strategy that exploits the possibilities offered by the internet to disseminate the principles of active policy of the Movimento 5 stelle.</description>
    <disclaimer lang="it">Alcune parti di questo addon potrebbero non essere legali nel tuo paese di residenza. Si prega di verificare la legislazione in vigore prima di installare.</disclaimer>
    <disclaimer lang="en">Some parts of this addon may not be legal in your country of residence. Please check with your local laws before installing.</disclaimer>
    <language>it</language>
    <license>GNU GENERAL PUBLIC LICENSE. Version 3, 29 June 2007</license>
    <forum></forum>
    <website></website>
    <email></email>
    <source>https://github.com/NeverWise/plugin.video.lacosa</source>
  </extension>
</addon>
