<?xml version="1.0" encoding="UTF-8" standalone="yes"?>
<addon id="service.neverwise.livetv" name="NeverWise live TV service" version="1.0.0" provider-name="NeverWise">
  <requires>
    <import addon="xbmc.python" version="2.14.0"/>
    <import addon="script.module.neverwise" version="1.0.8"/>
    <import addon="pvr.iptvsimple" version="1.9.3"/>
    <import addon="script.module.requests" version="2.9.1"/>
  </requires>
  <extension point="xbmc.python.script" library="default.py">
    <provides>executable</provides>
  </extension>
  <extension point="xbmc.service" library="service.py" start="login"/>
  <extension point="xbmc.addon.metadata">
    <platform>all</platform>
    <summary lang="it">TV italiane per IPTV Simple PVR Addon</summary>
    <summary lang="en">Italian TV for IPTV Simple PVR Addon</summary>
    <description lang="it">Questo service addon permette di impostare alcune TV streaming automaticamente.</description>
    <description lang="en">This service addon allows you to automatically set some italian streaming TV.</description>
    <disclaimer lang="it">Alcune parti di questo addon potrebbero non essere legali nel tuo paese di residenza. Si prega di verificare la legislazione in vigore prima di installare.</disclaimer>
    <disclaimer lang="en">Some parts of this addon may not be legal in your country of residence. Please check with your local laws before installing.</disclaimer>
    <language>it</language>
    <license>GNU GENERAL PUBLIC LICENSE. Version 3, 29 June 2007</license>
    <forum></forum>
    <website></website>
    <email></email>
    <source>https://github.com/NeverWise/service.neverwise.livetv</source>
  </extension>
</addon>
