<?xml version="1.0" encoding="UTF-8" standalone="yes"?>
<addon id="plugin.video.serviziopubblico" name="Servizio Pubblico" version="1.0.7" provider-name="NeverWise">
  <requires>
    <import addon="xbmc.python" version="2.14.0"/>
    <import addon="script.module.neverwise" version="1.1.0"/>
  </requires>
  <extension point="xbmc.python.pluginsource" library="default.py">
    <provides>video</provides>
  </extension>
  <extension point="xbmc.addon.metadata">
    <platform>all</platform>
    <summary lang="it_IT">Servizio Pubblico</summary>
    <summary lang="en_GB">Servizio Pubblico</summary>
    <description lang="it_IT">La trasmissione nasce dall'interruzione in RAI dello storico talk-show politico Annozero ed è contrassegnata da accese polemiche sulla libertà d'informazione in Italia, in particolare con riferimento al controllo della RAI da parte dei partiti politici.</description>
    <description lang="en_GB">The transmission arises from the interruption in the historic RAI political talk show Annozero and is marked by heated debate about freedom of information in Italy, in particular with reference to the control of RAI by the political parties.</description>
    <disclaimer lang="it_IT">Alcune parti di questo addon potrebbero non essere legali nel tuo paese di residenza. Si prega di verificare la legislazione in vigore prima di installare.</disclaimer>
    <disclaimer lang="en_GB">Some parts of this addon may not be legal in your country of residence. Please check with your local laws before installing.</disclaimer>
    <language>it</language>
    <license>GNU GENERAL PUBLIC LICENSE. Version 3, 29 June 2007</license>
    <forum></forum>
    <website></website>
    <email></email>
    <source>https://github.com/NeverWise/plugin.video.serviziopubblico</source>
  </extension>
</addon>
